"Certified","Person","Date"
"2012-12-20",1,"2012-11-28"
"2012-12-20",1,"2013-03-07"
"2012-12-20",1,"2014-01-27"
"2012-12-20",1,"2014-07-19"
"2012-12-20",2,"2012-07-12"
"2012-12-20",2,"2012-07-19"
"2012-12-20",2,"2012-11-08"
"2012-12-20",2,"2013-06-09"
"2012-12-20",2,"2014-04-14"
"2012-12-20",2,"2014-06-22"
"2012-12-20",2,"2014-07-02"
"2012-12-20",2,"2014-10-06"
"2012-12-20",2,"2014-12-18"
"2012-12-20",2,"2015-01-08"
"2012-12-20",2,"2016-02-02"
"2012-12-20",3,"2012-10-25"
"2012-12-20",3,"2012-12-04"
"2012-12-20",3,"2013-04-27"
"2012-12-20",3,"2013-05-09"
"2012-12-20",3,"2013-05-13"
"2012-12-20",3,"2013-09-16"
"2012-12-20",3,"2014-02-24"
"2012-12-20",3,"2014-04-14"
"2012-12-20",3,"2014-08-14"
"2012-12-20",3,"2015-01-03"
"2012-12-20",3,"2015-08-17"
"2012-12-20",3,"2016-01-03"
"2012-12-20",4,"2012-09-28"
"2012-12-20",4,"2012-10-25"
"2012-12-20",4,"2012-11-30"
"2012-12-20",4,"2013-05-23"
"2012-12-20",4,"2013-07-27"
"2012-12-20",4,"2013-08-23"
"2012-12-20",4,"2013-09-16"
"2012-12-20",4,"2014-03-10"
"2012-12-20",4,"2015-01-03"
"2012-12-20",4,"2015-09-24"
"2012-12-20",5,"2012-05-07"
"2012-12-20",5,"2012-11-15"
"2012-12-20",5,"2013-02-25"
"2012-12-20",5,"2013-04-04"
"2012-12-20",5,"2014-04-14"
"2012-12-20",5,"2015-07-06"
"2012-12-20",5,"2015-11-23"
"2012-12-20",6,"2012-04-30"
"2012-12-20",6,"2012-05-14"
"2012-12-20",6,"2012-09-13"
"2012-12-20",6,"2013-02-06"
"2012-12-20",7,"2012-05-22"
"2012-12-20",7,"2013-01-30"
"2012-12-20",7,"2013-05-06"
"2012-12-20",7,"2013-06-24"
"2012-12-20",7,"2013-09-05"
"2012-12-20",7,"2014-01-08"
"2012-12-20",7,"2014-06-24"
"2012-12-20",7,"2015-08-24"
"2012-12-20",7,"2016-02-22"
"2012-12-20",8,"2012-05-14"
"2012-12-20",9,"2012-02-20"
"2012-12-20",9,"2012-05-14"
"2012-12-20",9,"2012-10-30"
"2012-12-20",9,"2013-01-22"
"2012-12-20",9,"2013-01-25"
"2012-12-20",9,"2013-03-07"
"2012-12-20",9,"2015-09-17"
"2012-12-20",9,"2015-12-07"
"2012-12-20",9,"2015-12-15"
"2012-12-20",9,"2016-05-04"
"2012-12-20",10,"2012-02-23"
"2012-12-20",10,"2012-06-18"
"2012-12-20",10,"2012-10-17"
"2012-12-20",10,"2012-10-20"
"2012-12-20",10,"2012-10-23"
"2012-12-20",10,"2013-02-25"
"2012-12-20",10,"2013-05-09"
"2012-12-20",10,"2013-05-13"
"2012-12-20",10,"2013-06-25"
"2012-12-20",10,"2013-11-23"
"2012-12-20",10,"2014-03-17"
"2012-12-20",10,"2014-09-22"
"2012-12-20",10,"2015-01-03"
"2012-12-20",10,"2015-07-06"
"2012-12-20",11,"2013-01-12"
"2012-12-20",11,"2013-07-15"
"2012-12-20",11,"2013-11-14"
"2012-12-20",11,"2014-01-06"
"2012-12-20",11,"2014-07-14"
"2012-12-20",12,"2011-11-07"
"2012-12-20",12,"2012-02-23"
"2012-12-20",12,"2012-07-19"
"2012-12-20",13,"2012-07-16"
"2012-12-20",13,"2012-11-10"
"2012-12-20",13,"2013-01-30"
"2012-12-20",13,"2013-05-02"
"2012-12-20",13,"2013-05-06"
"2012-12-20",13,"2013-09-16"
"2012-12-20",13,"2013-10-25"
"2012-12-20",13,"2014-01-27"
"2012-12-20",13,"2014-02-24"
"2012-12-20",13,"2015-05-27"
"2012-12-20",13,"2015-09-24"
"2012-12-20",13,"2016-01-03"
"2012-12-20",14,"2011-11-07"
"2012-12-20",14,"2012-02-20"
"2012-12-20",14,"2012-07-10"
"2012-12-20",14,"2013-01-31"
"2012-12-20",14,"2013-07-15"
"2012-12-20",14,"2013-09-21"
"2012-12-20",14,"2014-03-17"
"2012-12-20",14,"2014-07-08"
"2012-12-20",14,"2014-10-06"
"2012-12-20",14,"2015-06-22"
"2012-12-20",15,"2012-03-26"
"2012-12-20",16,"2012-10-08"
"2012-12-20",16,"2013-05-06"
"2012-12-20",16,"2013-07-11"
"2012-12-20",16,"2014-03-10"
"2012-12-20",17,"2012-10-18"
"2012-12-20",17,"2013-01-11"
"2012-12-20",17,"2013-01-21"
"2012-12-20",17,"2013-02-05"
"2012-12-20",17,"2013-05-23"
"2012-12-20",17,"2013-06-06"
"2012-12-20",17,"2014-04-09"
"2012-12-20",17,"2014-05-23"
"2012-12-20",17,"2015-10-06"
"2012-12-20",18,"2012-06-28"
"2012-12-20",18,"2013-01-22"
"2012-12-20",18,"2013-04-20"
"2012-12-20",18,"2014-05-19"
"2012-12-20",18,"2015-04-13"
"2012-12-20",18,"2015-11-19"
"2012-12-20",19,"2011-11-07"
"2012-12-20",19,"2012-02-20"
"2012-12-20",19,"2012-04-02"
"2012-12-20",19,"2012-10-17"
"2012-12-20",19,"2012-10-20"
"2012-12-20",19,"2013-01-12"
"2012-12-20",19,"2013-04-29"
"2012-12-20",19,"2013-06-25"
"2012-12-20",19,"2014-04-14"
"2012-12-20",19,"2015-06-04"
"2012-12-20",19,"2015-07-06"
"2012-12-20",19,"2016-01-14"
"2012-12-20",20,"2012-05-14"
"2012-12-20",20,"2012-10-22"
"2012-12-20",20,"2012-10-30"
"2012-12-20",20,"2012-12-04"
"2012-12-20",20,"2013-04-13"
"2012-12-20",20,"2013-04-18"
"2012-12-20",20,"2013-07-15"
"2012-12-20",20,"2013-12-03"
"2012-12-20",20,"2014-07-21"
"2012-12-20",20,"2014-09-16"
"2012-12-20",20,"2014-12-03"
"2012-12-20",20,"2016-03-10"
"2012-12-20",21,"2012-07-09"
"2012-12-20",21,"2013-01-12"
"2012-12-20",21,"2013-06-24"
"2012-12-20",21,"2013-08-23"
"2012-12-20",22,"2012-10-18"
"2012-12-20",22,"2014-06-22"
"2012-12-20",23,"2012-04-14"
"2012-12-20",23,"2012-12-10"
"2012-12-20",23,"2015-08-24"
"2012-12-20",23,"2016-02-05"
"2012-12-20",24,"2012-11-30"
"2012-12-20",25,"2012-04-02"
"2012-12-20",25,"2012-10-08"
"2012-12-20",25,"2013-01-12"
"2012-12-20",25,"2013-08-28"
"2012-12-20",25,"2014-04-14"
"2012-12-20",26,"2012-10-08"
"2012-12-20",26,"2013-07-11"
"2012-12-20",26,"2014-03-17"
"2012-12-20",27,"2012-04-02"
"2012-12-20",27,"2012-06-18"
"2012-12-20",27,"2013-07-27"
"2012-12-20",27,"2015-07-23"
"2012-12-20",28,"2012-11-15"
"2012-12-20",28,"2013-05-09"
"2012-12-20",28,"2013-05-13"
"2012-12-20",28,"2013-05-23"
"2012-12-20",28,"2013-06-24"
"2012-12-20",28,"2013-09-23"
"2012-12-20",28,"2014-03-17"
"2012-12-20",28,"2014-05-08"
"2012-12-20",28,"2014-07-24"
"2012-12-20",28,"2014-09-29"
"2012-12-20",28,"2015-01-06"
"2012-12-20",28,"2015-02-09"
"2012-12-20",28,"2015-04-23"
"2012-12-20",28,"2015-05-30"
"2012-12-20",28,"2015-09-22"
"2012-12-20",28,"2015-11-23"
"2012-12-20",28,"2016-01-13"
"2012-12-20",28,"2016-01-21"
"2012-12-20",28,"2016-03-03"
"2012-12-20",28,"2016-03-15"
"2012-12-20",28,"2016-04-04"
"2012-12-20",29,"2012-06-28"
"2012-12-20",29,"2013-04-20"
"2012-12-20",29,"2013-06-03"
"2012-12-20",29,"2013-06-24"
"2012-12-20",29,"2014-05-19"
"2012-12-20",30,"2013-04-04"
"2012-12-20",30,"2013-09-27"
"2012-12-20",30,"2014-05-19"
"2012-12-20",30,"2014-11-05"
"2012-12-20",30,"2015-02-25"
"2012-12-20",30,"2015-06-18"
"2012-12-20",31,"2012-11-28"
"2012-12-20",31,"2013-02-05"
"2012-12-20",31,"2013-03-23"
"2012-12-20",31,"2013-07-25"
"2012-12-20",31,"2013-08-04"
"2012-12-20",31,"2014-04-02"
"2012-12-20",31,"2014-05-08"
"2012-12-20",31,"2015-03-16"
"2012-12-20",31,"2016-04-11"
"2012-12-20",32,"2012-11-08"
"2012-12-20",32,"2013-06-06"
"2012-12-20",32,"2013-11-23"
"2012-12-20",32,"2014-02-22"
"2012-12-20",32,"2014-03-17"
"2012-12-20",33,"2012-01-18"
"2012-12-20",33,"2012-02-23"
"2012-12-20",33,"2012-03-07"
"2012-12-20",33,"2012-03-26"
"2012-12-20",33,"2012-03-28"
"2012-12-20",33,"2012-04-14"
"2012-12-20",33,"2012-04-15"
"2012-12-20",33,"2012-04-30"
"2012-12-20",33,"2012-05-07"
"2012-12-20",33,"2012-05-16"
"2012-12-20",33,"2012-05-22"
"2012-12-20",33,"2012-07-09"
"2012-12-20",33,"2012-07-12"
"2012-12-20",33,"2012-07-16"
"2012-12-20",33,"2012-07-19"
"2012-12-20",33,"2012-08-26"
"2012-12-20",33,"2012-09-13"
"2012-12-20",33,"2012-09-17"
"2012-12-20",33,"2012-09-28"
"2012-12-20",33,"2012-10-11"
"2012-12-20",33,"2012-10-18"
"2012-12-20",33,"2012-11-08"
"2012-12-20",33,"2012-11-28"
"2012-12-20",33,"2013-01-06"
"2012-12-20",33,"2013-01-12"
"2012-12-20",33,"2013-01-24"
"2012-12-20",33,"2013-02-07"
"2012-12-20",33,"2013-02-14"
"2012-12-20",33,"2013-02-25"
"2012-12-20",33,"2013-03-04"
"2012-12-20",33,"2013-03-12"
"2012-12-20",33,"2013-05-09"
"2012-12-20",33,"2013-05-12"
"2012-12-20",33,"2013-05-30"
"2012-12-20",33,"2013-08-12"
"2012-12-20",33,"2013-09-16"
"2012-12-20",33,"2013-09-30"
"2012-12-20",33,"2013-10-24"
"2012-12-20",33,"2013-11-18"
"2012-12-20",33,"2014-01-13"
"2012-12-20",33,"2014-01-16"
"2012-12-20",33,"2014-01-20"
"2012-12-20",33,"2014-02-11"
"2012-12-20",33,"2014-04-02"
"2012-12-20",33,"2014-04-14"
"2012-12-20",33,"2014-04-24"
"2012-12-20",33,"2014-04-28"
"2012-12-20",33,"2014-05-05"
"2012-12-20",33,"2014-05-12"
"2012-12-20",33,"2014-06-02"
"2012-12-20",33,"2014-06-05"
"2012-12-20",33,"2014-06-11"
"2012-12-20",33,"2014-06-16"
"2012-12-20",33,"2014-07-15"
"2012-12-20",33,"2014-08-06"
"2012-12-20",33,"2014-09-10"
"2012-12-20",33,"2014-09-22"
"2012-12-20",33,"2014-10-06"
"2012-12-20",33,"2014-10-22"
"2012-12-20",33,"2014-10-30"
"2012-12-20",33,"2014-11-12"
"2012-12-20",33,"2015-01-06"
"2012-12-20",33,"2015-01-29"
"2012-12-20",33,"2015-02-01"
"2012-12-20",33,"2015-02-05"
"2012-12-20",33,"2015-03-10"
"2012-12-20",33,"2015-03-16"
"2012-12-20",33,"2015-04-08"
"2012-12-20",33,"2015-05-04"
"2012-12-20",33,"2015-05-11"
"2012-12-20",33,"2015-05-27"
"2012-12-20",33,"2015-05-30"
"2012-12-20",33,"2015-06-08"
"2012-12-20",33,"2015-06-12"
"2012-12-20",33,"2015-06-16"
"2012-12-20",33,"2015-07-16"
"2012-12-20",33,"2015-09-08"
"2012-12-20",33,"2015-09-14"
"2012-12-20",33,"2015-09-21"
"2012-12-20",33,"2015-10-08"
"2012-12-20",33,"2015-10-15"
"2012-12-20",33,"2015-10-25"
"2012-12-20",33,"2015-11-23"
"2012-12-20",33,"2015-12-07"
"2012-12-20",33,"2016-01-21"
"2012-12-20",33,"2016-02-16"
"2012-12-20",33,"2016-02-22"
"2012-12-20",33,"2016-03-09"
"2012-12-20",33,"2016-04-25"
"2012-12-20",33,"2016-05-09"
"2012-12-20",33,"2016-05-11"
"2013-07-17",34,"2013-07-15"
"2013-07-17",34,"2013-09-12"
"2013-07-17",34,"2013-11-14"
"2013-07-20",35,"2013-03-20"
"2013-07-20",35,"2013-03-24"
"2013-07-20",35,"2013-04-08"
"2013-07-20",35,"2013-06-03"
"2013-07-20",35,"2013-07-18"
"2013-07-20",35,"2013-08-27"
"2013-07-20",35,"2013-12-03"
"2013-07-20",35,"2014-01-21"
"2013-07-20",35,"2014-01-30"
"2013-07-20",35,"2014-04-29"
"2013-07-20",35,"2014-05-23"
"2013-07-20",35,"2014-08-05"
"2013-07-20",35,"2015-01-07"
"2013-07-20",35,"2015-04-13"
"2013-07-20",35,"2015-07-06"
"2013-07-20",36,"2013-09-24"
"2013-07-20",36,"2013-10-03"
"2013-07-20",36,"2014-02-13"
"2013-07-20",36,"2014-02-18"
"2013-07-20",36,"2014-07-14"
"2013-07-20",36,"2014-10-31"
"2013-07-20",36,"2014-12-11"
"2013-07-20",37,"2013-06-17"
"2013-07-20",37,"2013-09-19"
"2013-07-20",37,"2013-10-03"
"2013-07-20",37,"2013-10-17"
"2013-07-20",37,"2014-09-18"
"2013-07-20",37,"2014-11-06"
"2013-07-20",37,"2015-04-17"
"2013-07-20",37,"2015-09-15"
"2013-07-20",38,"2014-02-13"
"2013-07-20",38,"2014-02-18"
"2013-07-20",38,"2016-02-01"
"2013-07-20",39,"2012-09-13"
"2013-07-20",39,"2013-01-25"
"2013-07-20",39,"2013-02-06"
"2013-07-20",40,"2014-02-13"
"2013-07-20",40,"2014-02-18"
"2013-07-20",41,"2013-02-25"
"2013-07-20",41,"2013-06-06"
"2013-07-20",41,"2013-09-26"
"2013-07-20",41,"2014-01-06"
"2013-07-20",42,"2013-04-18"
"2013-07-20",43,"2012-10-17"
"2013-07-20",43,"2012-10-20"
"2013-07-20",43,"2013-03-04"
"2013-07-20",43,"2013-04-13"
"2013-07-20",43,"2014-01-18"
"2013-07-20",43,"2014-01-27"
"2013-07-20",43,"2014-01-31"
"2013-07-20",43,"2014-03-17"
"2013-07-20",43,"2015-12-14"
"2013-07-20",44,"2014-04-03"
"2013-07-20",45,"2013-05-18"
"2013-07-20",45,"2013-07-03"
"2013-07-20",45,"2014-04-23"
"2013-07-20",45,"2014-05-19"
"2013-07-20",45,"2015-02-26"
"2013-07-20",45,"2015-11-20"
"2013-07-20",45,"2015-11-23"
"2013-07-20",45,"2015-12-02"
"2013-07-20",45,"2016-02-04"
"2013-07-20",46,"2013-01-30"
"2013-07-20",47,"2012-05-14"
"2013-07-20",47,"2012-10-22"
"2013-07-20",47,"2013-04-29"
"2013-07-20",48,"2012-12-10"
"2013-07-20",48,"2013-08-22"
"2013-07-20",48,"2014-02-15"
"2013-07-20",48,"2014-04-04"
"2013-07-20",49,"2013-03-07"
"2013-07-20",49,"2013-05-16"
"2013-07-20",49,"2013-05-20"
"2013-07-20",49,"2013-07-25"
"2013-07-20",49,"2013-08-04"
"2013-07-20",49,"2013-09-24"
"2013-07-20",49,"2013-10-01"
"2013-07-20",49,"2013-12-12"
"2013-07-20",50,"2013-06-17"
"2013-07-20",50,"2013-07-18"
"2013-07-20",50,"2013-09-23"
"2013-07-20",50,"2014-01-21"
"2013-07-20",50,"2014-01-30"
"2013-07-20",50,"2014-07-08"
"2013-07-20",50,"2014-07-17"
"2013-07-20",50,"2016-04-28"
"2013-07-20",51,"2013-04-18"
"2013-07-20",51,"2013-05-18"
"2013-07-20",51,"2013-06-24"
"2013-07-20",51,"2013-07-01"
"2013-07-20",51,"2013-07-11"
"2013-07-20",51,"2014-01-07"
"2013-07-20",51,"2014-01-14"
"2013-07-20",51,"2014-02-03"
"2013-07-20",51,"2014-04-09"
"2013-07-20",51,"2014-06-04"
"2013-07-20",51,"2014-10-22"
"2013-07-20",51,"2014-11-10"
"2013-07-20",51,"2014-11-27"
"2013-07-20",51,"2014-12-06"
"2013-07-20",51,"2015-01-06"
"2013-07-20",51,"2015-01-14"
"2013-07-20",51,"2015-02-03"
"2013-07-20",51,"2015-03-18"
"2013-07-20",51,"2015-06-24"
"2013-07-20",51,"2015-10-29"
"2013-07-20",51,"2015-11-09"
"2013-07-20",51,"2015-11-23"
"2013-07-20",51,"2015-12-14"
"2013-07-20",51,"2016-01-13"
"2013-07-20",51,"2016-01-18"
"2013-07-20",51,"2016-01-21"
"2013-07-20",51,"2016-01-28"
"2013-07-20",51,"2016-02-02"
"2013-07-20",51,"2016-03-10"
"2013-07-20",51,"2016-04-17"
"2013-07-20",51,"2016-05-04"
"2013-07-20",52,"2013-04-13"
"2013-07-20",52,"2013-09-12"
"2013-07-20",52,"2013-10-01"
"2013-07-20",52,"2013-10-09"
"2013-07-20",52,"2014-10-31"
"2013-07-20",52,"2015-06-24"
"2013-07-20",52,"2016-03-03"
"2013-07-20",53,"2013-03-04"
"2013-07-20",53,"2013-05-06"
"2013-07-20",53,"2013-07-01"
"2013-07-20",53,"2013-09-16"
"2013-07-20",53,"2014-01-27"
"2013-07-20",53,"2015-06-25"
"2013-07-20",53,"2015-10-22"
"2013-07-20",53,"2016-01-07"
"2013-07-20",53,"2016-02-22"
"2013-07-20",53,"2016-03-09"
"2013-07-20",53,"2016-03-31"
"2013-07-20",54,"2013-09-05"
"2013-07-20",54,"2013-09-23"
"2013-07-20",54,"2014-09-30"
"2013-07-20",55,"2012-11-10"
"2013-07-20",55,"2013-06-24"
"2013-07-20",55,"2014-03-17"
"2013-07-20",55,"2015-01-05"
"2013-07-20",55,"2016-01-11"
"2013-07-20",56,"2013-01-12"
"2013-07-20",56,"2013-06-03"
"2013-07-20",56,"2013-06-17"
"2013-07-20",56,"2013-07-18"
"2013-07-20",56,"2013-09-19"
"2013-07-20",56,"2013-10-17"
"2013-07-20",56,"2013-11-14"
"2013-07-20",56,"2013-12-03"
"2013-07-20",56,"2014-01-08"
"2013-07-20",56,"2014-01-13"
"2013-07-20",56,"2014-05-12"
"2013-07-20",56,"2014-05-29"
"2013-07-20",56,"2014-06-10"
"2013-07-20",56,"2014-09-18"
"2013-07-20",57,"2013-02-06"
"2013-07-20",57,"2014-05-08"
"2013-07-20",58,"2013-01-30"
"2013-07-20",58,"2013-04-27"
"2013-07-20",58,"2013-05-23"
"2013-07-20",58,"2014-03-17"
"2013-07-20",58,"2014-08-18"
"2013-07-20",58,"2014-08-28"
"2013-07-20",58,"2014-09-01"
"2013-07-20",58,"2014-09-04"
"2013-07-20",59,"2013-07-18"
"2013-07-20",59,"2013-08-28"
"2013-07-20",59,"2014-07-28"
"2013-07-20",59,"2014-12-16"
"2013-07-20",59,"2015-01-15"
"2013-07-20",59,"2015-06-22"
"2013-07-24",60,"2013-01-11"
"2013-07-24",60,"2013-01-21"
"2013-07-24",60,"2013-05-16"
"2013-07-24",60,"2013-05-20"
"2013-07-24",60,"2014-01-27"
"2013-07-24",60,"2014-03-17"
"2013-07-24",60,"2014-05-12"
"2013-07-24",60,"2015-03-05"
"2013-07-24",61,"2012-05-16"
"2013-07-24",61,"2012-12-10"
"2013-07-24",62,"2012-07-10"
"2013-07-24",62,"2013-05-02"
"2013-07-24",62,"2013-05-06"
"2013-07-24",62,"2014-02-18"
"2013-07-24",62,"2014-02-28"
"2013-07-24",63,"2013-04-04"
"2013-07-24",64,"2013-05-06"
"2013-07-24",64,"2013-07-01"
"2013-07-24",64,"2014-06-30"
"2013-07-24",65,"2012-11-10"
"2013-07-24",65,"2013-06-09"
"2013-07-24",65,"2014-04-14"
"2013-07-24",66,"2013-01-21"
"2013-07-24",66,"2013-02-25"
"2013-07-24",66,"2013-05-06"
"2013-07-24",66,"2013-06-06"
"2013-07-24",66,"2013-12-03"
"2013-07-24",66,"2014-01-27"
"2013-07-24",66,"2014-02-22"
"2013-07-24",66,"2014-03-17"
"2013-07-24",66,"2014-06-16"
"2013-07-24",66,"2014-08-21"
"2013-07-24",67,"2013-01-31"
"2013-07-24",67,"2014-05-29"
"2013-07-24",68,"2013-02-25"
"2013-07-24",68,"2013-09-26"
"2013-07-24",68,"2014-09-25"
"2013-07-24",68,"2015-04-30"
"2013-07-24",68,"2015-09-22"
"2013-07-24",69,"2013-07-03"
"2013-07-24",69,"2014-04-23"
"2013-07-24",69,"2014-05-19"
"2013-07-24",69,"2015-02-26"
"2013-07-24",69,"2015-06-02"
"2013-07-24",69,"2015-12-02"
"2013-07-24",69,"2016-03-15"
"2013-11-17",70,"2013-09-24"
"2013-11-17",70,"2014-07-30"
"2013-11-17",70,"2016-02-01"
"2013-11-17",71,"2013-08-22"
"2013-11-17",71,"2015-01-26"
"2013-11-17",71,"2015-04-18"
"2013-11-17",71,"2015-07-13"
"2013-11-17",72,"2013-10-17"
"2013-11-17",72,"2014-01-30"
"2013-11-17",72,"2014-03-17"
"2013-11-17",72,"2015-01-29"
"2013-11-17",72,"2015-06-25"
"2013-11-17",72,"2016-01-28"
"2013-11-17",72,"2016-02-08"
"2013-11-17",72,"2016-02-25"
"2013-11-17",73,"2013-05-09"
"2013-11-17",73,"2014-05-05"
"2013-11-17",73,"2014-06-04"
"2013-11-17",73,"2014-10-06"
"2013-11-17",73,"2014-11-06"
"2013-11-17",73,"2015-01-10"
"2013-11-17",73,"2015-04-18"
"2013-11-17",74,"2014-01-08"
"2013-11-17",74,"2014-01-27"
"2013-11-17",74,"2014-02-15"
"2013-11-17",74,"2014-04-04"
"2013-11-17",74,"2014-06-02"
"2013-11-17",74,"2014-11-27"
"2013-11-17",74,"2015-01-11"
"2013-11-17",74,"2015-03-24"
"2013-11-17",74,"2015-04-15"
"2013-11-17",74,"2015-05-19"
"2013-11-17",74,"2015-05-27"
"2013-11-17",74,"2016-04-12"
"2013-11-17",75,"2013-05-06"
"2013-11-17",75,"2013-09-23"
"2013-11-17",76,"2014-01-08"
"2013-11-17",76,"2014-04-14"
"2013-11-17",76,"2014-08-11"
"2013-11-17",77,"2013-10-25"
"2013-11-17",77,"2014-01-13"
"2013-11-17",77,"2014-04-14"
"2013-11-17",77,"2014-06-24"
"2013-11-17",77,"2014-09-24"
"2013-11-17",77,"2014-10-06"
"2013-11-17",77,"2014-11-07"
"2013-11-17",77,"2015-01-08"
"2013-11-17",77,"2015-01-29"
"2013-11-17",77,"2015-03-23"
"2013-11-17",77,"2015-04-01"
"2013-11-17",77,"2015-06-15"
"2013-11-17",77,"2015-08-27"
"2013-11-17",77,"2015-11-11"
"2013-11-17",77,"2016-01-11"
"2013-11-17",77,"2016-01-13"
"2013-11-17",77,"2016-03-07"
"2013-11-17",77,"2016-04-12"
"2013-11-17",78,"2014-03-17"
"2013-11-17",78,"2014-04-29"
"2013-11-17",78,"2014-06-26"
"2013-11-17",78,"2014-07-24"
"2013-11-17",78,"2014-09-11"
"2013-11-17",78,"2015-01-27"
"2013-11-17",78,"2015-04-18"
"2013-11-17",78,"2016-02-22"
"2013-11-17",78,"2016-03-07"
"2013-11-17",79,"2013-04-04"
"2013-11-17",79,"2013-09-27"
"2013-11-17",79,"2013-10-24"
"2013-11-17",79,"2014-02-18"
"2013-11-17",79,"2014-05-19"
"2013-11-17",79,"2015-02-25"
"2013-11-17",80,"2014-01-18"
"2013-11-17",80,"2014-03-17"
"2013-11-17",80,"2014-12-16"
"2013-11-17",81,"2013-02-14"
"2013-11-17",81,"2013-11-25"
"2013-11-17",81,"2014-02-10"
"2013-11-17",81,"2014-03-18"
"2013-11-17",81,"2014-06-02"
"2013-11-17",81,"2014-07-30"
"2013-11-17",81,"2014-08-18"
"2013-11-17",81,"2014-09-15"
"2013-11-17",81,"2014-12-08"
"2013-11-17",81,"2015-02-16"
"2013-11-17",81,"2015-02-16"
"2013-11-17",81,"2015-02-16"
"2013-11-17",81,"2015-05-25"
"2013-11-17",81,"2015-07-13"
"2013-11-17",82,"2014-02-22"
"2013-11-17",82,"2014-03-17"
"2013-11-17",82,"2014-04-09"
"2013-11-17",82,"2014-06-25"
"2013-11-17",82,"2014-07-28"
"2013-11-17",82,"2015-01-05"
"2013-11-17",82,"2015-05-11"
"2013-11-17",82,"2015-06-03"
"2013-11-17",82,"2015-08-26"
"2013-11-17",82,"2015-12-07"
"2013-11-17",82,"2016-01-05"
"2013-11-17",82,"2016-01-14"
"2013-11-17",82,"2016-04-25"
"2013-11-17",83,"2015-01-10"
"2013-11-17",84,"2014-04-14"
"2013-11-17",85,"2014-03-17"
"2013-11-17",85,"2014-06-20"
"2013-11-17",85,"2014-10-11"
"2013-11-17",86,"2015-09-07"
"2013-11-17",86,"2016-02-17"
"2013-11-17",87,"2014-04-29"
"2013-11-17",87,"2014-07-23"
"2013-11-17",88,"2014-05-12"
"2013-11-17",88,"2014-08-18"
"2013-11-17",88,"2014-08-28"
"2013-11-17",88,"2014-09-01"
"2013-11-17",88,"2014-09-04"
"2013-11-17",88,"2014-12-11"
"2013-11-17",88,"2015-05-30"
"2013-11-17",88,"2015-06-19"
"2013-11-17",88,"2015-09-10"
"2013-11-17",89,"2013-05-09"
"2013-11-17",89,"2014-01-14"
"2013-11-17",89,"2014-11-27"
"2013-11-17",89,"2016-01-26"
"2013-11-17",90,"2013-12-03"
"2013-11-17",91,"2013-10-29"
"2013-11-17",91,"2014-08-23"
"2013-11-17",91,"2015-11-16"
"2013-11-17",91,"2016-02-22"
"2013-11-25",92,"2014-05-12"
"2013-11-25",92,"2015-03-20"
"2013-11-25",92,"2015-09-08"
"2013-11-25",92,"2015-11-05"
"2013-11-25",93,"2014-04-09"
"2013-11-25",93,"2014-06-20"
"2013-11-25",93,"2014-06-24"
"2013-11-25",93,"2014-07-08"
"2013-11-25",93,"2014-10-11"
"2013-11-25",93,"2014-12-18"
"2013-11-25",93,"2015-05-26"
"2013-11-25",93,"2016-01-03"
"2013-11-25",94,"2013-06-17"
"2013-11-25",94,"2013-09-19"
"2013-11-25",94,"2014-07-08"
"2013-11-25",94,"2014-09-18"
"2013-11-25",94,"2015-01-15"
"2013-11-25",94,"2015-06-22"
"2013-11-25",94,"2015-09-15"
"2013-11-25",95,"2013-05-30"
"2013-11-25",95,"2014-07-10"
"2013-11-25",95,"2014-07-15"
"2013-11-25",95,"2014-08-06"
"2013-11-25",95,"2014-12-14"
"2013-11-25",95,"2015-05-30"
"2013-11-25",95,"2015-07-09"
"2013-11-25",95,"2015-08-27"
"2013-11-25",95,"2015-11-04"
"2013-11-25",96,"2014-04-14"
"2013-11-25",96,"2015-01-05"
"2013-11-25",96,"2016-01-14"
"2013-12-05",97,"2014-06-16"
"2013-12-05",98,"2014-10-13"
"2013-12-05",98,"2015-11-05"
"2014-04-19",99,"2014-03-10"
"2014-04-19",99,"2015-07-22"
"2014-05-04",100,"2014-09-11"
"2014-05-04",101,"2014-10-30"
"2014-05-04",101,"2015-05-11"
"2014-05-04",101,"2015-06-25"
"2014-05-04",101,"2016-01-09"
"2014-05-04",102,"2014-02-11"
"2014-05-04",102,"2014-10-06"
"2014-05-04",103,"2014-02-22"
"2014-05-04",104,"2014-04-03"
"2014-05-04",104,"2014-06-10"
"2014-05-04",104,"2014-06-15"
"2014-05-04",104,"2014-11-12"
"2014-05-04",104,"2015-06-15"
"2014-05-04",104,"2015-11-04"
"2014-05-04",105,"2015-05-19"
"2014-05-04",106,"2014-06-04"
"2014-05-04",106,"2015-06-02"
"2014-05-04",106,"2015-07-27"
"2014-05-04",107,"2015-08-10"
"2014-05-04",108,"2015-01-27"
"2014-05-04",108,"2015-09-15"
"2014-05-04",109,"2014-04-14"
"2014-05-04",109,"2014-04-14"
"2014-05-04",109,"2014-11-06"
"2014-05-04",109,"2015-01-10"
"2014-05-04",110,"2014-04-02"
"2014-05-04",110,"2014-06-16"
"2014-05-04",110,"2014-09-22"
"2014-05-04",110,"2014-10-22"
"2014-05-04",110,"2014-11-12"
"2014-05-04",110,"2015-01-06"
"2014-05-04",110,"2015-01-27"
"2014-05-04",110,"2015-02-11"
"2014-05-04",110,"2015-02-23"
"2014-05-04",110,"2015-02-26"
"2014-05-04",110,"2015-04-30"
"2014-05-04",110,"2015-10-17"
"2014-05-04",111,"2015-02-21"
"2014-05-04",111,"2015-10-03"
"2014-05-04",111,"2015-11-02"
"2014-05-04",112,"2013-09-05"
"2014-05-04",113,"2013-09-05"
"2014-05-04",113,"2014-07-10"
"2014-05-04",113,"2015-06-09"
"2014-05-04",113,"2015-08-24"
"2014-05-04",113,"2015-11-16"
"2014-05-04",114,"2014-06-16"
"2014-05-04",114,"2014-06-30"
"2014-05-04",114,"2014-09-27"
"2014-05-04",114,"2015-01-10"
"2014-05-04",114,"2015-01-26"
"2014-05-04",114,"2015-02-21"
"2014-05-04",114,"2015-04-13"
"2014-05-04",114,"2015-04-18"
"2014-05-04",114,"2015-10-03"
"2014-05-04",114,"2016-01-11"
"2014-05-04",114,"2016-01-23"
"2014-05-04",114,"2016-03-28"
"2014-05-09",115,"2014-08-26"
"2014-05-09",115,"2016-03-23"
"2014-05-09",116,"2014-02-11"
"2014-05-09",116,"2014-05-12"
"2014-05-09",116,"2014-07-15"
"2014-05-09",117,"2014-06-24"
"2014-05-09",117,"2014-08-11"
"2014-05-09",117,"2014-09-24"
"2014-05-09",117,"2014-11-07"
"2014-05-09",117,"2015-03-06"
"2014-05-09",117,"2015-04-01"
"2014-05-09",117,"2015-05-12"
"2014-05-09",117,"2015-06-22"
"2014-05-09",117,"2015-06-25"
"2014-05-09",117,"2015-10-12"
"2014-05-09",118,"2014-08-21"
"2014-05-09",118,"2015-12-15"
"2014-05-09",119,"2014-04-14"
"2014-05-09",119,"2014-09-22"
"2014-05-09",119,"2015-07-06"
"2014-05-09",120,"2015-06-15"
"2014-05-09",121,"2014-05-12"
"2014-05-09",121,"2014-06-26"
"2014-05-09",121,"2014-07-17"
"2014-05-09",121,"2014-07-23"
"2014-05-09",121,"2014-10-06"
"2014-05-09",121,"2015-01-08"
"2014-05-09",121,"2015-03-06"
"2014-05-09",121,"2015-04-01"
"2014-05-09",121,"2015-05-04"
"2014-05-09",121,"2015-06-17"
"2014-05-09",121,"2015-07-30"
"2014-05-09",121,"2015-10-26"
"2014-05-09",121,"2016-01-19"
"2014-05-09",121,"2016-04-12"
"2014-05-09",122,"2015-06-25"
"2014-05-09",123,"2015-03-26"
"2014-05-09",124,"2015-06-22"
"2014-05-09",125,"2014-05-29"
"2014-05-09",125,"2014-06-16"
"2014-05-09",125,"2014-12-16"
"2014-05-09",125,"2015-02-14"
"2014-05-09",125,"2015-02-21"
"2014-05-09",125,"2015-11-20"
"2014-07-22",126,"2013-04-04"
"2014-07-22",126,"2013-09-27"
"2014-07-22",126,"2014-02-18"
"2014-07-22",127,"2013-07-01"
"2014-07-22",127,"2014-03-17"
"2014-07-22",128,"2014-03-17"
"2014-07-22",128,"2015-04-09"
"2014-07-22",129,"2013-08-28"
"2014-07-22",129,"2014-01-13"
"2014-07-22",129,"2014-08-25"
"2014-07-22",129,"2015-01-13"
"2014-07-22",129,"2015-06-03"
"2014-07-22",129,"2015-08-26"
"2014-07-22",129,"2016-01-14"
"2014-07-22",130,"2013-06-03"
"2014-07-22",130,"2013-08-23"
"2014-07-22",130,"2013-12-03"
"2014-07-22",130,"2014-08-21"
"2014-07-22",130,"2015-06-15"
"2014-07-22",131,"2014-06-04"
"2014-07-22",131,"2014-10-06"
"2014-07-22",131,"2015-01-15"
"2014-07-22",131,"2015-01-31"
"2014-07-22",132,"2013-03-04"
"2014-07-22",132,"2013-04-13"
"2014-07-22",133,"2013-06-03"
"2014-07-22",133,"2013-08-23"
"2014-07-22",133,"2014-01-30"
"2014-07-22",133,"2014-03-17"
"2014-07-22",134,"2013-09-16"
"2014-07-22",135,"2014-07-10"
"2014-07-22",135,"2014-12-14"
"2014-07-22",135,"2015-07-09"
"2014-08-01",136,"2015-01-15"
"2014-08-07",137,"2014-06-10"
"2014-08-07",137,"2014-07-19"
"2014-08-07",137,"2014-07-24"
"2014-08-12",138,"2014-07-24"
"2014-08-12",138,"2015-01-05"
"2014-08-12",139,"2014-06-24"
"2014-08-12",139,"2014-08-06"
"2014-08-12",139,"2015-01-08"
"2014-08-12",139,"2016-01-11"
"2014-08-12",140,"2014-07-08"
"2014-08-12",140,"2015-01-15"
"2014-08-12",141,"2015-01-08"
"2014-08-12",141,"2015-01-15"
"2014-08-12",141,"2015-05-27"
"2014-08-12",142,"2014-08-06"
"2014-08-12",142,"2015-03-06"
"2014-08-12",142,"2015-07-30"
"2014-08-12",142,"2015-09-22"
"2014-08-12",142,"2016-01-19"
"2014-08-12",142,"2016-02-05"
"2014-09-18",143,"2015-01-15"
"2014-09-18",143,"2015-04-09"
"2014-09-18",143,"2015-10-22"
"2014-09-18",144,"2015-02-21"
"2014-09-18",144,"2015-10-03"
"2014-09-18",144,"2016-02-18"
"2014-09-18",144,"2016-05-07"
"2014-09-18",145,"2015-06-02"
"2014-09-18",146,"2014-09-30"
"2014-09-18",146,"2015-01-27"
"2014-09-18",147,"2014-10-06"
"2014-09-18",147,"2015-01-11"
"2014-09-18",147,"2015-03-19"
"2014-09-18",147,"2015-05-19"
"2014-09-18",147,"2015-06-24"
"2014-09-18",148,"2015-04-30"
"2014-09-18",149,"2014-07-19"
"2014-09-18",149,"2014-09-30"
"2014-09-18",149,"2015-05-04"
"2014-09-18",149,"2015-12-15"
"2014-09-18",150,"2015-08-10"
"2014-09-18",151,"2015-01-08"
"2014-09-18",151,"2015-01-29"
"2014-09-18",151,"2015-02-05"
"2014-09-18",151,"2015-07-16"
"2014-09-18",151,"2015-11-19"
"2014-10-03",152,"2015-01-08"
"2014-10-03",153,"2015-04-02"
"2014-10-03",153,"2015-05-11"
"2014-10-03",153,"2015-09-08"
"2014-10-03",153,"2015-11-11"
"2014-10-03",153,"2016-02-22"
"2014-10-03",154,"2012-10-30"
"2014-10-03",154,"2015-01-13"
"2014-10-03",154,"2015-10-12"
"2014-10-03",155,"2014-09-15"
"2014-10-03",155,"2014-12-08"
"2014-10-03",155,"2015-05-27"
"2014-10-03",155,"2015-06-29"
"2014-10-03",155,"2015-09-28"
"2014-10-03",156,"2015-03-10"
"2014-10-03",156,"2015-05-27"
"2014-10-03",156,"2015-11-23"
"2014-10-03",157,"2014-10-13"
"2014-10-03",158,"2015-02-09"
"2014-10-03",158,"2015-07-06"
"2014-10-03",159,"2015-01-05"
"2014-10-03",159,"2015-04-27"
"2014-10-16",160,"2015-04-16"
"2014-10-16",161,"2014-12-15"
"2014-10-16",161,"2015-03-03"
"2014-10-16",161,"2015-10-27"
"2014-10-16",161,"2016-01-06"
"2014-10-16",162,"2014-12-06"
"2014-10-16",162,"2015-02-21"
"2014-10-16",162,"2015-10-03"
"2014-10-16",163,"2014-01-31"
"2014-10-16",163,"2015-04-17"
"2014-10-16",163,"2016-04-14"
"2014-10-16",164,"2014-10-13"
"2014-11-04",165,"2014-10-31"
"2014-11-05",166,"2014-06-24"
"2014-11-05",166,"2014-07-08"
"2014-11-05",166,"2015-01-05"
"2014-11-05",167,"2014-08-12"
"2014-11-05",167,"2015-08-20"
"2014-11-05",168,"2014-06-02"
"2014-11-05",169,"2014-05-08"
"2014-11-05",169,"2014-06-25"
"2014-11-05",169,"2014-07-10"
"2014-11-05",169,"2014-11-24"
"2014-11-05",169,"2015-09-17"
"2014-11-05",169,"2015-12-15"
"2014-11-05",170,"2015-04-16"
"2014-11-05",170,"2015-07-15"
"2014-11-11",171,"2015-04-16"
"2014-11-11",172,"2014-11-05"
"2014-11-11",172,"2016-02-17"
"2014-11-11",173,"2014-10-13"
"2014-11-13",174,"2014-01-07"
"2014-11-13",174,"2014-11-06"
"2014-11-13",174,"2015-05-14"
"2014-11-13",174,"2015-09-10"
"2014-11-13",174,"2016-05-16"
"2014-11-14",175,"2015-01-15"
"2014-11-14",175,"2015-04-09"
"2014-11-14",175,"2015-12-01"
"2014-11-17",176,"2013-04-04"
"2014-11-17",176,"2013-05-16"
"2014-11-17",176,"2013-07-08"
"2014-11-17",176,"2013-08-22"
"2014-11-17",176,"2014-05-08"
"2014-11-17",176,"2014-06-16"
"2014-11-17",176,"2015-01-29"
"2014-11-17",176,"2016-04-11"
"2014-11-20",177,"2014-12-03"
"2014-11-20",177,"2014-12-11"
"2014-11-20",178,"2015-02-25"
"2014-11-20",179,"2014-11-24"
"2014-11-20",179,"2015-01-14"
"2014-11-20",179,"2015-08-26"
"2014-11-20",179,"2016-01-06"
"2014-11-20",179,"2016-01-18"
"2014-11-22",180,"2014-04-14"
"2014-11-22",180,"2014-11-06"
"2014-11-22",180,"2015-01-10"
"2014-11-22",180,"2015-05-12"
"2014-11-22",180,"2016-02-22"
"2014-11-22",180,"2016-03-14"
"2014-11-22",181,"2014-02-03"
"2014-11-22",181,"2016-03-08"
"2014-11-22",182,"2014-08-11"
"2014-11-22",183,"2014-09-27"
"2014-11-22",183,"2015-01-10"
"2014-11-22",183,"2015-02-21"
"2014-11-22",183,"2015-10-03"
"2014-11-22",183,"2016-03-28"
"2014-11-25",184,"2015-01-29"
"2014-11-25",184,"2015-03-05"
"2014-11-25",184,"2015-04-30"
"2014-11-25",184,"2015-07-24"
"2014-11-25",184,"2016-05-17"
"2014-11-27",185,"2015-01-14"
"2014-11-27",185,"2015-09-28"
"2014-11-27",186,"2015-11-30"
"2014-11-27",187,"2013-08-22"
"2014-11-27",187,"2015-01-29"
"2014-11-27",188,"2015-08-24"
"2014-11-27",189,"2014-07-15"
"2014-11-27",189,"2014-10-30"
"2014-11-27",189,"2015-01-31"
"2014-11-27",189,"2015-02-05"
"2014-11-27",189,"2015-05-27"
"2014-11-27",189,"2015-08-06"
"2014-11-27",190,"2015-04-18"
"2014-11-27",190,"2015-05-27"
"2014-11-27",190,"2015-11-19"
"2014-11-27",190,"2016-03-07"
"2014-11-27",191,"2015-03-19"
"2014-11-27",192,"2015-04-16"
"2014-11-27",192,"2016-05-06"
"2014-11-27",193,"2014-09-29"
"2014-11-27",193,"2015-03-18"
"2014-11-27",193,"2015-03-30"
"2014-11-27",193,"2016-03-07"
"2014-11-27",193,"2016-03-23"
"2014-11-27",194,"2014-11-10"
"2014-11-27",194,"2015-12-14"
"2014-11-27",195,"2014-05-19"
"2014-11-27",195,"2014-11-05"
"2014-11-27",195,"2015-01-14"
"2014-11-27",195,"2015-02-25"
"2014-11-27",196,"2015-06-04"
"2014-11-27",197,"2015-04-13"
"2014-11-27",197,"2015-09-23"
"2014-11-27",197,"2015-11-30"
"2014-11-27",198,"2015-01-05"
"2014-11-27",198,"2016-03-15"
"2014-12-08",199,"2015-03-24"
"2014-12-08",199,"2015-05-19"
"2014-12-08",199,"2015-08-19"
"2014-12-08",199,"2015-12-10"
"2014-12-08",200,"2015-04-16"
"2014-12-08",200,"2015-10-12"
"2014-12-08",200,"2016-01-19"
"2014-12-08",200,"2016-04-25"
"2014-12-08",201,"2015-08-26"
"2014-12-08",202,"2015-02-14"
"2014-12-08",202,"2015-03-30"
"2014-12-08",202,"2015-06-22"
"2014-12-08",202,"2016-03-28"
"2014-12-08",202,"2016-05-04"
"2014-12-08",203,"2015-01-27"
"2014-12-08",203,"2015-08-20"
"2014-12-08",203,"2015-09-28"
"2014-12-08",203,"2015-11-05"
"2014-12-08",204,"2015-06-25"
"2014-12-08",205,"2015-01-08"
"2014-12-08",205,"2015-08-24"
"2014-12-08",206,"2015-09-17"
"2014-12-11",207,"2014-08-23"
"2014-12-11",207,"2015-08-20"
"2014-12-11",207,"2015-09-22"
"2014-12-11",208,"2015-05-11"
"2014-12-11",208,"2015-08-13"
"2014-12-11",209,"2015-04-16"
"2014-12-11",210,"2015-02-03"
"2014-12-11",210,"2016-02-02"
"2014-12-11",211,"2015-11-09"
"2014-12-11",212,"2015-06-04"
"2014-12-11",212,"2016-02-22"
"2014-12-11",213,"2015-03-02"
"2014-12-11",213,"2015-04-02"
"2014-12-11",213,"2015-06-24"
"2014-12-11",213,"2015-07-13"
"2014-12-11",213,"2015-09-07"
"2014-12-11",213,"2015-11-05"
"2014-12-11",213,"2016-02-25"
"2014-12-11",214,"2013-07-08"
"2014-12-11",214,"2016-02-22"
"2014-12-13",215,"2015-01-14"
"2014-12-13",215,"2015-06-15"
"2014-12-13",215,"2015-08-26"
"2014-12-23",216,"2015-03-06"
"2014-12-23",216,"2015-06-17"
"2014-12-23",216,"2015-07-16"
"2014-12-23",216,"2016-01-19"
"2014-12-23",217,"2013-05-09"
"2014-12-23",217,"2013-12-03"
"2014-12-23",217,"2014-12-03"
"2014-12-23",217,"2015-02-03"
"2014-12-23",217,"2015-04-16"
"2014-12-23",217,"2015-11-25"
"2014-12-23",217,"2016-02-16"
"2014-12-23",218,"2015-01-15"
"2014-12-23",218,"2015-04-09"
"2014-12-23",219,"2015-06-09"
"2014-12-23",219,"2015-07-23"
"2014-12-23",219,"2015-09-23"
"2014-12-23",220,"2015-11-11"
"2014-12-23",220,"2015-12-15"
"2014-12-23",221,"2015-01-29"
"2014-12-23",221,"2015-04-13"
"2014-12-23",221,"2016-01-28"
"2014-12-23",221,"2016-02-08"
"2014-12-23",221,"2016-02-25"
"2014-12-23",222,"2015-02-21"
"2014-12-23",222,"2016-02-18"
"2014-12-23",222,"2016-05-07"
"2014-12-23",223,"2015-01-05"
"2014-12-23",223,"2015-01-07"
"2014-12-23",223,"2015-08-06"
"2014-12-23",223,"2016-02-04"
"2014-12-23",223,"2016-04-12"
"2014-12-23",223,"2016-05-16"
"2014-12-23",224,"2015-10-05"
"2014-12-23",225,"2015-09-03"
"2014-12-23",226,"2015-08-19"
"2014-12-23",227,"2015-04-01"
"2014-12-23",227,"2015-06-04"
"2014-12-23",227,"2015-06-17"
"2014-12-23",227,"2015-06-23"
"2014-12-23",227,"2015-07-23"
"2014-12-23",227,"2015-08-24"
"2014-12-23",227,"2015-10-21"
"2014-12-23",227,"2016-01-19"
"2014-12-23",227,"2016-02-04"
"2014-12-23",227,"2016-04-28"
"2014-12-23",228,"2014-12-18"
"2014-12-29",229,"2015-01-15"
"2014-12-29",229,"2015-10-22"
"2014-12-29",230,"2015-11-30"
"2015-01-07",231,"2015-04-09"
"2015-01-07",232,"2015-11-16"
"2015-01-07",233,"2015-03-05"
"2015-01-07",233,"2015-09-22"
"2015-01-07",234,"2015-01-15"
"2015-01-07",234,"2015-04-09"
"2015-01-07",234,"2015-06-25"
"2015-01-07",235,"2015-01-27"
"2015-01-07",235,"2015-03-05"
"2015-01-07",235,"2015-04-30"
"2015-01-07",235,"2015-07-24"
"2015-01-07",235,"2015-10-05"
"2015-01-07",235,"2015-10-17"
"2015-01-07",235,"2016-02-02"
"2015-01-07",236,"2015-01-15"
"2015-01-07",236,"2015-06-25"
"2015-01-21",237,"2015-04-15"
"2015-01-21",237,"2015-08-20"
"2015-01-21",237,"2015-11-20"
"2015-01-21",237,"2016-03-07"
"2015-01-21",237,"2016-03-21"
"2015-01-21",238,"2015-04-18"
"2015-01-21",238,"2015-08-13"
"2015-01-21",239,"2015-05-30"
"2015-01-21",240,"2015-06-04"
"2015-01-21",240,"2015-12-14"
"2015-02-03",241,"2015-09-03"
"2015-02-03",242,"2015-04-16"
"2015-02-03",242,"2015-12-14"
"2015-02-03",242,"2016-02-16"
"2015-02-03",242,"2016-03-23"
"2015-02-03",243,"2015-03-23"
"2015-02-03",243,"2016-04-14"
"2015-02-03",244,"2015-02-21"
"2015-02-03",245,"2016-02-22"
"2015-02-03",246,"2015-06-25"
"2015-02-03",247,"2015-05-04"
"2015-02-03",247,"2015-06-19"
"2015-02-03",247,"2015-08-17"
"2015-02-03",248,"2015-06-18"
"2015-02-06",249,"2013-12-16"
"2015-02-27",250,"2015-07-02"
"2015-02-27",250,"2015-08-03"
"2015-02-27",250,"2015-09-28"
"2015-02-27",251,"2015-02-23"
"2015-02-27",251,"2015-02-26"
"2015-02-27",251,"2015-06-23"
"2015-02-27",251,"2015-08-24"
"2015-02-27",251,"2016-02-02"
"2015-02-27",252,"2015-03-10"
"2015-02-27",252,"2015-04-08"
"2015-02-27",252,"2015-05-27"
"2015-02-27",252,"2015-10-07"
"2015-02-27",252,"2015-11-11"
"2015-02-27",253,"2015-07-20"
"2015-02-27",253,"2016-02-01"
"2015-02-27",254,"2015-04-08"
"2015-02-27",255,"2016-02-01"
"2015-02-27",256,"2015-07-02"
"2015-02-27",256,"2015-09-28"
"2015-02-27",256,"2016-02-01"
"2015-02-27",256,"2016-02-01"
"2015-02-27",257,"2015-02-09"
"2015-02-27",257,"2015-07-06"
"2015-02-27",258,"2015-02-23"
"2015-02-27",258,"2015-02-26"
"2015-02-27",258,"2015-06-18"
"2015-02-27",258,"2015-06-23"
"2015-02-27",258,"2015-11-03"
"2015-02-27",258,"2016-02-02"
"2015-02-28",259,"2015-05-04"
"2015-02-28",260,"2015-04-08"
"2015-02-28",261,"2014-08-18"
"2015-02-28",261,"2015-05-04"
"2015-02-28",261,"2015-06-08"
"2015-02-28",261,"2015-07-13"
"2015-02-28",262,"2014-08-18"
"2015-02-28",263,"2015-04-08"
"2015-02-28",263,"2015-05-27"
"2015-02-28",263,"2015-09-10"
"2015-02-28",263,"2015-10-07"
"2015-02-28",264,"2015-07-02"
"2015-02-28",264,"2015-09-28"
"2015-02-28",264,"2015-10-01"
"2015-02-28",264,"2015-12-09"
"2015-02-28",264,"2016-05-12"
"2015-02-28",265,"2015-07-03"
"2015-02-28",266,"2015-09-10"
"2015-02-28",267,"2015-07-03"
"2015-02-28",268,"2015-04-08"
"2015-02-28",268,"2015-07-13"
"2015-02-28",268,"2015-09-10"
"2015-02-28",268,"2015-09-28"
"2015-02-28",268,"2015-10-17"
"2015-02-28",268,"2015-11-26"
"2015-02-28",268,"2015-12-07"
"2015-02-28",268,"2015-12-14"
"2015-02-28",268,"2016-03-29"
"2015-03-01",269,"2015-07-02"
"2015-03-05",270,"2016-02-02"
"2015-03-05",271,"2016-02-02"
"2015-03-05",272,"2015-11-03"
"2015-03-05",272,"2016-02-02"
"2015-03-05",273,"2015-04-08"
"2015-03-05",273,"2015-06-29"
"2015-03-05",273,"2015-09-28"
"2015-03-05",273,"2015-10-17"
"2015-03-05",274,"2015-05-04"
"2015-03-11",275,"2015-03-05"
"2015-03-11",275,"2015-09-22"
"2015-03-12",276,"2015-07-22"
"2015-03-12",277,"2015-07-02"
"2015-03-12",277,"2015-09-28"
"2015-03-12",277,"2015-10-01"
"2015-03-12",277,"2015-11-26"
"2015-03-12",277,"2015-12-09"
"2015-03-12",277,"2016-02-01"
"2015-03-12",277,"2016-02-01"
"2015-03-12",278,"2015-10-01"
"2015-03-12",278,"2015-10-07"
"2015-03-12",278,"2016-02-01"
"2015-03-12",279,"2015-04-23"
"2015-03-12",279,"2015-07-23"
"2015-03-12",280,"2015-07-20"
"2015-03-12",280,"2016-02-01"
"2015-03-12",281,"2016-04-29"
"2015-03-15",282,"2015-04-18"
"2015-03-15",282,"2016-01-07"
"2015-03-15",282,"2016-02-04"
"2015-03-15",282,"2016-03-02"
"2015-03-25",283,"2015-06-18"
"2015-03-25",283,"2016-02-02"
"2015-03-25",284,"2015-06-18"
"2015-03-25",285,"2015-06-25"
"2015-03-25",285,"2015-07-22"
"2015-03-25",285,"2015-08-26"
"2015-03-25",285,"2016-01-18"
"2015-03-25",286,"2015-02-16"
"2015-03-25",286,"2015-06-18"
"2015-03-25",286,"2016-02-02"
"2015-03-25",287,"2015-05-30"
"2015-03-25",287,"2015-12-07"
"2015-04-20",288,"2015-11-22"
"2015-04-20",289,"2015-03-03"
"2015-04-20",289,"2015-03-20"
"2015-04-20",289,"2015-04-22"
"2015-04-20",289,"2015-07-15"
"2015-04-20",289,"2015-10-27"
"2015-04-20",289,"2015-11-05"
"2015-04-20",289,"2016-01-06"
"2015-04-20",290,"2015-06-04"
"2015-04-20",290,"2015-08-17"
"2015-04-20",291,"2015-08-05"
"2015-04-20",291,"2015-09-17"
"2015-04-20",291,"2015-11-05"
"2015-04-20",291,"2015-12-08"
"2015-04-20",292,"2015-05-04"
"2015-04-20",292,"2015-11-02"
"2015-04-20",293,"2015-11-26"
"2015-05-05",294,"2015-06-22"
"2015-05-05",295,"2015-01-15"
"2015-05-05",296,"2014-08-25"
"2015-05-05",296,"2015-04-27"
"2015-05-05",296,"2015-06-03"
"2015-05-05",297,"2015-07-24"
"2015-05-05",297,"2015-10-19"
"2015-05-05",298,"2014-10-31"
"2015-05-05",298,"2015-04-17"
"2015-05-05",298,"2015-08-21"
"2015-05-05",298,"2016-04-07"
"2015-05-05",299,"2015-08-24"
"2015-05-05",300,"2015-11-16"
"2015-05-05",300,"2016-03-21"
"2015-05-05",301,"2015-11-05"
"2015-05-05",302,"2015-11-11"
"2015-05-05",302,"2016-01-14"
"2015-05-05",302,"2016-04-25"
"2015-05-05",303,"2015-09-28"
"2015-05-05",303,"2015-12-09"
"2015-05-05",303,"2016-02-01"
"2015-05-05",303,"2016-02-01"
"2015-05-14",304,"2016-02-05"
"2015-05-14",305,"2016-02-05"
"2015-05-14",306,"2015-06-23"
"2015-05-14",306,"2015-10-21"
"2015-05-14",306,"2015-10-26"
"2015-05-14",307,"2015-06-25"
"2015-05-14",308,"2015-11-02"
"2015-05-14",308,"2016-01-07"
"2015-05-26",309,"2015-11-25"
"2015-05-26",310,"2015-09-24"
"2015-05-26",311,"2014-09-29"
"2015-05-26",311,"2015-04-02"
"2015-05-26",311,"2015-09-23"
"2015-05-26",311,"2016-03-23"
"2015-05-26",312,"2016-02-22"
"2015-05-26",313,"2015-06-25"
"2015-05-26",313,"2016-04-25"
"2015-05-26",314,"2015-07-16"
"2015-05-26",315,"2015-06-23"
"2015-05-26",315,"2015-10-21"
"2015-05-26",315,"2015-10-26"
"2015-05-26",316,"2015-10-22"
"2015-05-26",316,"2016-01-07"
"2015-05-27",317,"2015-12-14"
"2015-06-04",318,"2015-06-02"
"2015-06-04",318,"2015-12-02"
"2015-06-04",318,"2016-02-01"
"2015-06-12",319,"2015-08-24"
"2015-06-12",319,"2015-09-28"
"2015-06-12",319,"2015-10-19"
"2015-06-12",320,"2015-09-15"
"2015-06-12",320,"2015-09-28"
"2015-06-12",320,"2015-10-17"
"2015-06-12",320,"2015-11-20"
"2015-06-12",320,"2016-01-19"
"2015-06-12",320,"2016-04-28"
"2015-06-12",321,"2014-08-12"
"2015-06-12",321,"2015-08-20"
"2015-06-12",321,"2016-01-19"
"2015-06-12",322,"2015-07-16"
"2015-06-12",322,"2015-11-19"
"2015-06-12",323,"2015-08-20"
"2015-06-12",323,"2015-10-17"
"2015-06-12",324,"2015-05-27"
"2015-06-12",324,"2015-11-26"
"2015-06-12",325,"2015-10-26"
"2015-06-12",326,"2015-09-23"
"2015-06-12",327,"2015-07-23"
"2015-06-12",327,"2015-08-27"
"2015-06-12",327,"2016-02-22"
"2015-06-12",327,"2016-04-29"
"2015-06-12",328,"2015-09-26"
"2015-06-12",328,"2016-01-09"
"2015-06-12",328,"2016-04-02"
"2015-06-12",328,"2016-05-05"
"2015-06-23",329,"2015-09-08"
"2015-06-23",330,"2016-02-29"
"2015-06-23",330,"2016-05-02"
"2015-06-23",331,"2015-10-19"
"2015-06-23",331,"2016-01-04"
"2015-06-23",332,"2016-03-28"
"2015-06-23",333,"2014-02-28"
"2015-06-23",334,"2016-03-28"
"2015-06-26",335,"2015-07-09"
"2015-06-26",335,"2015-12-14"
"2015-06-27",336,"2016-04-14"
"2015-07-03",337,"2015-09-06"
"2015-07-03",337,"2015-10-03"
"2015-07-05",338,"2014-11-17"
"2015-07-05",338,"2015-01-13"
"2015-07-05",338,"2015-06-02"
"2015-07-05",338,"2015-11-11"
"2015-07-05",338,"2015-11-16"
"2015-07-05",339,"2014-08-14"
"2015-07-05",340,"2016-02-01"
"2015-07-07",341,"2015-10-19"
"2015-07-07",342,"2016-04-14"
"2015-07-08",343,"2016-01-13"
"2015-07-10",344,"2015-10-27"
"2015-07-10",344,"2015-11-09"
"2015-07-10",344,"2016-03-01"
"2015-07-10",345,"2015-10-27"
"2015-07-10",345,"2016-03-01"
"2015-07-10",346,"2014-09-13"
"2015-07-10",346,"2015-03-21"
"2015-07-10",346,"2015-09-19"
"2015-07-10",346,"2015-09-26"
"2015-07-10",346,"2016-01-09"
"2015-07-10",346,"2016-01-16"
"2015-07-10",346,"2016-02-06"
"2015-07-10",346,"2016-04-02"
"2015-07-10",346,"2016-05-05"
"2015-07-11",347,"2015-06-02"
"2015-07-11",347,"2015-12-02"
"2015-07-11",347,"2016-02-01"
"2015-07-13",348,"2015-08-17"
"2015-07-14",349,"2015-07-16"
"2015-07-14",349,"2015-10-03"
"2015-08-03",350,"2014-11-24"
"2015-08-03",350,"2015-01-14"
"2015-08-03",350,"2015-08-26"
"2015-08-03",350,"2015-09-10"
"2015-08-03",350,"2015-10-29"
"2015-08-03",350,"2016-01-11"
"2015-08-03",350,"2016-01-19"
"2015-08-03",350,"2016-04-18"
"2015-08-09",351,"2015-08-04"
"2015-08-09",351,"2015-10-03"
"2015-08-09",351,"2016-01-30"
"2015-08-09",351,"2016-03-28"
"2015-09-09",352,"2015-10-19"
"2015-09-09",352,"2016-02-16"
"2015-09-09",352,"2016-02-18"
"2015-09-09",352,"2016-04-28"
"2015-09-15",353,"2015-09-06"
"2015-09-25",354,"2015-08-04"
"2015-09-25",354,"2015-10-03"
"2015-09-25",354,"2016-01-30"
"2015-09-25",354,"2016-03-28"
"2015-09-25",355,"2016-03-19"
"2015-09-25",355,"2016-05-05"
"2015-09-25",356,"2015-03-24"
"2015-09-25",356,"2015-08-19"
"2015-09-25",356,"2015-12-10"
"2015-09-25",356,"2016-01-12"
"2015-09-25",356,"2016-04-27"
"2015-09-25",357,"2016-01-16"
"2015-09-25",357,"2016-02-22"
"2015-09-25",357,"2016-03-12"
"2015-09-25",357,"2016-05-14"
"2015-09-25",358,"2016-02-17"
"2015-09-25",359,"2015-11-09"
"2015-09-25",360,"2015-03-24"
"2015-09-25",360,"2015-08-19"
"2015-09-25",360,"2015-12-10"
"2015-09-25",360,"2016-01-12"
"2015-10-06",361,"2015-11-17"
"2015-10-07",362,"2016-01-12"
"2015-10-07",362,"2016-03-17"
"2015-10-13",363,"2016-03-17"
"2015-10-22",364,"2016-01-19"
"2015-10-22",364,"2016-03-02"
"2015-10-22",364,"2016-04-07"
"2015-11-18",365,"2015-11-25"
"2015-11-25",366,"2016-01-14"
"2015-12-08",367,"2015-02-09"
"2015-12-08",367,"2016-04-25"
"2015-12-08",368,"2016-01-11"
"2016-01-18",369,"2015-12-07"
"2016-01-18",369,"2016-01-25"
"2016-01-18",369,"2016-04-04"
"2016-01-19",370,"2016-01-12"
"2016-01-19",370,"2016-04-27"
"2016-01-19",371,"2015-12-02"
"2016-01-19",371,"2016-03-15"
"2016-01-19",372,"2015-12-07"
"2016-01-19",372,"2016-01-25"
"2016-01-19",373,"2016-03-17"
"2016-01-27",374,"2016-01-14"
"2016-01-27",375,"2016-01-28"
"2016-01-27",375,"2016-02-08"
"2016-01-27",375,"2016-02-25"
"2016-01-27",376,"2013-04-29"
"2016-01-27",376,"2013-08-28"
"2016-01-27",376,"2014-01-13"
"2016-01-27",376,"2014-08-25"
"2016-01-27",376,"2015-01-13"
"2016-01-30",377,"2015-11-23"
"2016-01-30",378,"2015-11-02"
"2016-01-30",379,"2015-10-07"
"2016-01-30",379,"2016-02-01"
"2016-01-30",379,"2016-03-31"
"2016-01-30",379,"2016-05-12"
"2016-01-30",380,"2015-09-23"
"2016-01-30",381,"2015-09-15"
"2016-01-30",381,"2016-01-18"
"2016-01-30",382,"2015-10-29"
"2016-01-30",383,"2014-09-29"
"2016-01-30",383,"2016-04-14"
"2016-01-30",384,"2015-09-10"
"2016-01-30",385,"2015-11-23"
"2016-02-02",386,"2016-03-14"
"2016-02-02",387,"2016-02-02"
"2016-02-02",388,"2014-05-12"
"2016-02-02",389,"2015-07-16"
"2016-02-02",389,"2015-11-05"
"2016-02-02",390,"2016-04-27"
"2016-02-04",391,"2016-02-22"
"2016-02-04",392,"2015-10-17"
"2016-02-04",392,"2016-02-02"
"2016-02-04",393,"2016-02-22"
"2016-02-04",394,"2016-03-29"
"2016-02-08",395,"2016-01-16"
"2016-02-08",396,"2015-11-19"
"2016-02-08",397,"2016-03-07"
"2016-02-08",397,"2016-04-02"
"2016-02-08",397,"2016-04-19"
"2016-02-08",397,"2016-04-25"
"2016-02-08",397,"2016-04-29"
"2016-02-08",397,"2016-05-04"
"2016-02-08",398,"2016-04-02"
"2016-02-09",399,"2016-02-16"
"2016-02-09",400,"2016-02-16"
"2016-02-11",401,"2016-05-09"
"2016-02-11",402,"2016-03-29"
"2016-02-11",403,"2016-04-19"
"2016-02-11",404,"2015-05-30"
"2016-02-11",405,"2015-12-07"
"2016-02-11",406,"2016-04-04"
"2016-02-11",407,"2016-02-01"
"2016-02-12",408,"2016-01-16"
"2016-02-12",409,"2016-05-09"
"2016-02-12",410,"2015-04-30"
"2016-02-12",410,"2015-10-17"
"2016-02-12",410,"2016-02-02"
"2016-02-12",410,"2016-04-25"
"2016-02-17",411,"2015-01-29"
"2016-02-17",411,"2015-04-30"
"2016-02-17",411,"2015-07-24"
"2016-02-25",412,"2015-05-27"
"2016-02-25",412,"2015-08-04"
"2016-02-25",412,"2015-09-24"
"2016-02-25",412,"2015-10-12"
"2016-02-25",412,"2016-01-07"
"2016-02-25",412,"2016-04-29"
"2016-02-29",413,"2016-03-29"
"2016-02-29",414,"2016-01-30"
"2016-02-29",414,"2016-04-02"
"2016-02-29",415,"2013-03-24"
"2016-02-29",416,"2015-01-03"
"2016-03-01",417,"2015-11-19"
"2016-03-01",418,"2016-01-11"
"2016-03-01",419,"2016-03-29"
"2016-03-01",420,"2015-01-29"
"2016-03-01",420,"2015-07-24"
"2016-03-01",420,"2016-05-17"
"2016-03-01",421,"2015-08-24"
"2016-03-01",421,"2015-11-26"
"2016-03-01",422,"2015-11-03"
"2016-03-01",422,"2016-02-02"
"2016-03-04",423,"2016-02-01"
"2016-03-08",424,"2016-05-07"
"2016-03-08",425,"2016-04-25"
"2016-03-08",426,"2016-03-23"
"2016-03-15",427,"2016-03-28"
"2016-03-15",428,"2015-04-17"
"2016-03-15",428,"2015-08-21"
"2016-03-15",429,"2013-04-08"
"2016-03-16",430,"2016-04-12"
"2016-03-16",430,"2016-04-18"
"2016-03-16",431,"2016-02-01"
"2016-03-22",432,"2013-03-04"
"2016-03-22",433,"2016-01-19"
"2016-03-22",434,"2016-03-23"
"2016-03-22",435,"2016-03-23"
"2016-03-27",436,"2016-05-07"
"2016-03-27",437,"2016-03-31"
"2016-03-29",438,"2016-03-14"
"2016-03-29",439,"2016-02-01"
"2016-03-30",440,"2016-04-06"
"2016-04-08",441,"2016-04-25"
"2016-04-08",442,"2016-03-31"
"2016-04-08",443,"2016-04-23"
"2016-04-08",443,"2016-05-06"
"2016-04-14",444,"2014-04-23"
"2016-04-25",445,"2016-05-02"
"2016-04-25",446,"2016-02-02"
"2016-04-25",447,"2015-09-10"
"2016-04-25",448,"2016-02-02"
"2016-04-25",448,"2016-04-18"
"2016-04-26",449,"2016-05-09"
"2016-05-13",450,"2016-03-31"
"2016-05-13",451,"2016-01-04"
"2016-04-01",452,""
"2016-01-19",453,""
"2016-02-11",454,""
"2016-03-22",455,""
"2016-03-15",456,""
"2014-11-22",457,""
"2016-03-01",458,""
"2016-03-15",459,""
"2016-03-21",460,""
"2016-02-17",461,""
"2016-01-19",462,""
"2014-12-23",463,""
"2016-02-08",464,""
"2014-11-27",465,""
"2016-03-01",466,""
"2015-05-05",467,""
"2016-03-08",468,""
"2016-02-29",469,""
"2016-04-19",470,""
"2016-02-29",471,""
"2016-01-19",472,""
"2014-12-11",473,""
"2015-07-07",474,""
"2016-02-12",475,""
"2016-01-19",476,""
"2016-02-04",477,""
"2016-02-19",478,""
"2015-06-23",479,""
"2016-02-11",480,""
"2016-04-25",481,""
"2016-02-11",482,""
"2015-05-26",483,""
"2016-03-29",484,""
"2014-12-11",485,""
"2016-02-25",486,""
"2015-06-12",487,""
"2015-05-14",488,""
"2016-02-02",489,""
"2015-02-27",490,""
"2015-09-02",491,""
"2014-07-22",492,""
"2016-02-02",493,""
"2014-12-23",494,""
"2016-03-15",495,""
"2016-03-15",496,""
"2015-12-08",497,""
"2015-05-26",498,""
"2016-03-04",499,""
"2015-03-25",500,""
"2015-06-14",501,""
"2015-05-05",502,""
"2014-12-08",503,""
"2016-02-29",504,""
"2014-12-23",505,""
"2014-09-18",506,""
"2015-09-25",507,""
"2016-03-01",508,""
"2016-04-08",509,""
"2015-04-20",510,""
"2016-02-25",511,""
"2015-05-05",512,""
"2015-07-15",513,""
"2014-11-05",514,""
"2016-04-07",515,""
"2015-05-14",516,""
"2014-10-16",517,""
"2013-11-17",518,""
"2015-04-20",519,""
"2016-04-14",520,""
"2016-02-11",521,""
"2014-11-27",522,""
"2016-02-08",523,""
"2015-03-25",524,""
"2016-02-25",525,""
"2016-04-26",526,""
"2016-04-13",527,""
"2016-03-28",528,""
"2014-12-23",529,""
"2015-06-12",530,""
"2014-12-11",531,""
"2014-11-27",532,""
"2014-12-23",533,""
"2015-05-05",534,""
"2014-05-04",535,""
"2014-10-16",536,""
"2016-03-01",537,""
"2016-04-19",538,""
"2014-10-03",539,""
"2015-07-11",540,""
"2015-06-12",541,""
"2016-03-30",542,""
"2015-04-20",543,""
"2016-05-13",544,""
"2014-07-07",545,""
"2015-02-27",546,""
"2016-04-01",547,""
"2015-07-07",548,""
"2016-02-17",549,""
"2014-12-23",550,""
"2016-02-11",551,""
"2013-09-15",552,""
"2016-03-01",553,""
"2016-04-08",554,""
"2016-04-19",555,""
"2016-02-29",556,""
"2016-04-19",557,""
"2014-11-27",558,""
"2016-02-29",559,""
"2014-10-16",560,""
"2016-03-16",561,""
"2016-02-02",562,""
"2016-03-15",563,""
"2016-03-15",564,""
"2014-10-03",565,""
"2015-12-08",566,""
"2016-04-19",567,""
"2013-11-25",568,""
"2016-02-04",569,""
"2014-11-09",570,""
"2015-03-15",571,""
"2015-07-07",572,""
"2016-01-18",573,""
"2016-02-04",574,""
"2015-03-25",575,""
"2014-12-23",576,""
"2016-01-19",577,""
"2016-04-21",578,""
"2015-01-21",579,""
"2016-03-29",580,""
"2014-10-03",581,""
"2015-07-08",582,""
"2015-06-12",583,""
"2015-07-22",584,""
"2016-05-03",585,""
"2016-04-13",586,""
"2016-01-27",587,""
"2015-05-14",588,""
"2016-04-08",589,""
"2016-04-21",590,""
"2016-03-01",591,""
"2016-04-26",592,""
"2016-03-16",593,""
"2015-07-28",594,""
"2015-05-26",595,""
"2016-03-08",596,""
"2016-02-11",597,""
"2016-03-09",598,""
"2016-02-04",599,""
"2016-01-19",600,""
"2014-05-09",601,""
"2014-11-22",602,""
"2016-02-19",603,""
"2016-02-02",604,""
"2016-01-19",605,""
"2015-03-12",606,""
"2016-02-11",607,""
"2014-10-03",608,""
"2016-04-08",609,""
"2016-02-17",610,""
"2015-06-23",611,""
"2014-09-18",612,""
"2015-10-22",613,""
"2012-05-27",614,""
"2015-06-12",615,""
"2016-03-15",616,""
"2014-09-18",617,""
"2016-02-04",618,""
"2014-12-08",619,""
"2016-04-01",620,""
"2016-02-29",621,""
"2016-02-08",622,""
"2016-03-08",623,""
"2016-04-13",624,""
"2015-03-12",625,""
"2016-04-19",626,""
"2014-05-04",627,""
"2016-03-01",628,""
"2014-09-18",629,""
"2014-12-08",630,""
"2016-03-08",631,""
"2015-04-20",632,""
"2013-11-17",633,""
"2016-04-21",634,""
"2016-02-17",635,""
"2015-10-13",636,""
"2015-07-03",637,""
"2014-11-05",638,""
"2016-04-13",639,""
"2016-03-01",640,""
"2014-12-23",641,""
"2016-02-08",642,""
"2015-05-26",643,""
"2015-07-08",644,""
"2015-09-25",645,""
"2016-04-19",646,""
"2014-12-23",647,""
"2016-02-25",648,""
"2016-02-12",649,""
"2014-09-18",650,""
"2015-05-14",651,""
"2016-02-19",652,""
"2014-12-08",653,""
"2016-02-11",654,""
"2015-02-28",655,""
"2015-10-22",656,""
"2015-05-26",657,""
"2016-02-11",658,""
"2016-02-02",659,""
"2016-03-15",660,""
"2016-03-15",661,""
"2015-09-25",662,""
"2016-02-25",663,""
"2016-04-19",664,""
"2016-01-27",665,""
"2015-07-11",666,""
"2016-04-07",667,""
"2015-04-20",668,""
"2016-04-07",669,""
"2016-02-19",670,""
"2015-05-26",671,""
"2015-07-07",672,""
"2016-02-11",673,""
